[
    {
      "item": 0,
      "sub": 1,
      "tit": "呷七碗",
      "des": "滿250現折50"
    },
    {
      "item": 0,
      "sub": 2,
      "tit": "MOLU滿樂 東門店",
      "des": "任一餐點+飲料 滿百折50"
    },
    {
      "item": 0,
      "sub": 3,
      "tit": "金金良甜",
      "des": "消費送一支蜜吐司(口味任選)"
    },
    {
      "item": 0,
      "sub": 4,
      "tit": "東海萊姆園",
      "des": "來店就送原味萊姆汁一杯"
    },
    {
      "item": 0,
      "sub": 5,
      "tit": "志明紅麵線",
      "des": "來店就送小碗紅麵線"
    },
    {
      "item": 0,
      "sub": 6,
      "tit": "餃子樂東門店",
      "des": "消費滿百送45小菜一份"
    }
  ]