[
    {
      "item": 0,
      "sub": 1,
      "tit": "九品川",
      "des": "來店就送茶品四選一"
    },
    {
      "item": 0,
      "sub": 2,
      "tit": "永康刀削麵",
      "des": "來店消費就送皮蛋豆腐"
    },
    {
      "item": 0,
      "sub": 3,
      "tit": "白水豆花",
      "des": "單筆消費第二碗豆花折扣30元"
    },
    {
      "item": 0,
      "sub": 4,
      "tit": "皮兒吧永康一店",
      "des": "來店就送手工皮革捲線器"
    },
    {
      "item": 0,
      "sub": 5,
      "tit": "郭元益",
      "des": "喔熊餅乾2入"
    },
    {
      "item": 0,
      "sub": 6,
      "tit": "MOLU滿樂",
      "des": "任一餐點+飲料,現折50元"
    },
    {
      "item": 1,
      "sub": 1,
      "tit": "郭元益",
      "des": "喔熊餅乾2入"
    },
    {
      "item": 1,
      "sub": 2,
      "tit": "聚落山海",
      "des": "買白水豆花內用滷味折扣30元"
    },
    {
      "item": 1,
      "sub": 3,
      "tit": "小虎咖啡",
      "des": "親熬鳳梨愛玉/柴蜜柚子愛玉<br>百香果愛玉/冬瓜檸檬愛玉，任選"
    },
    {
      "item": 1,
      "sub": 4,
      "tit": "名辰牛肉麵",
      "des": "來店就送小菜一份"
    },
    {
      "item": 1,
      "sub": 5,
      "tit": "康橋精品",
      "des": "來店就送日本角落小生物&ensp;小文具一份"
    },
    {
      "item": 1,
      "sub": 6,
      "tit": "皓雅日本生活百貨",
      "des": "來店消費不限金額<br>送日本製&ensp;Mitsuei&ensp;檸檬或橘子洗碗精600ml&ensp;1瓶"
    },
    {
      "item": 2,
      "sub": 1,
      "tit": "梅門德義文創天地_明茶闇坊",
      "des": "消費不限金額+10元送一口鳳梨酥?"
    },
    {
      "item": 2,
      "sub": 2,
      "tit": "皮兒吧永康二店",
      "des": "來店就送手工皮革捲線器"
    },
    {
      "item": 2,
      "sub": 3,
      "tit": "呷七碗",
      "des": "消費滿250，現折50元"
    },
    {
      "item": 2,
      "sub": 4,
      "tit": "九品川",
      "des": "來店就送茶品四選一"
    },
    {
      "item": 2,
      "sub": 5,
      "tit": "MOLU滿樂",
      "des": "任一餐點+飲料，滿百折50元"
    },
    {
      "item": 2,
      "sub": 6,
      "tit": "立裴米緹咖啡",
      "des": "消費送水滴咖啡一杯"
    },
    {
      "item": 3,
      "sub": 1,
      "tit": "台灣宜龍",
      "des": "來店送綠茶乳油木果-手工茶皂?"
    },
    {
      "item": 3,
      "sub": 2,
      "tit": "Florame&ensp;法恩&ensp;薰衣草花園",
      "des": "來店送花園完美系列面膜一片?"
    },
    {
      "item": 3,
      "sub": 3,
      "tit": "金金良甜",
      "des": "來店送一支蜜吐司-口味任選?"
    },
    {
      "item": 3,
      "sub": 4,
      "tit": "東海萊姆園",
      "des": "來店就送原味萊姆汁"
    },
    {
      "item": 3,
      "sub": 5,
      "tit": "志明紅麵線",
      "des": "來店就送小碗紅麵線?"
    },
    {
      "item": 3,
      "sub": 6,
      "tit": "餃子樂東門店",
      "des": "任意消費兌換45元小菜一份"
    }
  ]